year_month,state,total_enrolment,age_0_5,age_5_17,age_18_greater,total_updates,demo_age_5_17,demo_age_17_,update_enrolment_ratio,enrolment_growth_rate,age_vulnerability,enrolment_volatility,aadhaar_pulse_index
2025-01,Andaman & Nicobar Islands,6,5,1,0,34,0,34,5.666666666666667,0.0,1.0,1.855921454276674,25.063718843747818
2025-02,Andaman & Nicobar Islands,1,1,0,0,31,0,31,31.0,-0.8333333333333334,1.0,1.855921454276674,24.346026717435326
2025-03,Andaman & Nicobar Islands,3,3,0,0,54,2,52,18.0,2.0,1.0,1.855921454276674,35.46490399909601
2025-04,Andaman & Nicobar Islands,5,5,0,0,55,0,55,11.0,0.6666666666666667,1.0,1.855921454276674,28.67582152934121
2025-05,Andaman & Nicobar Islands,2,2,0,0,34,1,33,17.0,-0.6,1.0,1.855921454276674,23.72736719301455
2025-08,Andaman & Nicobar Islands,1,1,0,0,23,0,23,23.0,-0.5,1.0,1.855921454276674,24.886265983338937
2025-09,Andaman & Nicobar Islands,4,3,1,0,22,1,21,5.5,3.0,1.0,1.855921454276674,38.45032544220721
2025-11,Andaman & Nicobar Islands,5,5,0,0,45,0,45,9.0,0.25,1.0,1.855921454276674,26.576483860456978
2025-12,Andaman & Nicobar Islands,2,2,0,0,36,0,36,18.0,-0.6,1.0,1.855921454276674,23.846037075223276
2025-01,Andaman and Nicobar Islands,24,22,2,0,1294,130,1164,53.916666666666664,0.0,1.0,6.180982563844154,30.790506966894593
2025-02,Andaman and Nicobar Islands,11,10,1,0,147,17,130,13.363636363636363,-0.5416666666666667,1.0,6.180982563844154,23.55748636182024
2025-03,Andaman and Nicobar Islands,12,11,1,0,217,18,199,18.083333333333332,0.09090909090909083,1.0,6.180982563844154,26.94442360932918
2025-04,Andaman and Nicobar Islands,12,11,1,0,130,12,118,10.833333333333334,0.0,1.0,6.180982563844154,25.677812875068618
2025-05,Andaman and Nicobar Islands,7,7,0,0,104,13,91,14.857142857142858,-0.41666666666666663,1.0,6.180982563844154,24.293319972822662
2025-06,Andaman and Nicobar Islands,3,3,0,0,95,10,85,31.666666666666668,-0.5714285714285714,1.0,6.180982563844154,25.596504961624543
2025-07,Andaman and Nicobar Islands,4,4,0,0,95,16,79,23.75,0.33333333333333326,1.0,6.180982563844154,28.700230510504767
2025-08,Andaman and Nicobar Islands,19,19,0,0,93,9,84,4.894736842105263,3.75,1.0,6.180982563844154,41.73106146917047
2025-09,Andaman and Nicobar Islands,13,10,3,0,150,16,134,11.538461538461538,-0.3157894736842105,1.0,6.180982563844154,24.350291944306825
2025-10,Andaman and Nicobar Islands,18,16,2,0,109,7,102,6.055555555555555,0.3846153846153846,1.0,6.180982563844154,26.82960184539113
2025-11,Andaman and Nicobar Islands,10,10,0,0,151,15,136,15.1,-0.4444444444444444,1.0,6.180982563844154,24.198006607727944
2025-12,Andaman and Nicobar Islands,8,8,0,0,150,12,138,18.75,-0.19999999999999996,1.0,6.180982563844154,25.723523781743644
2025-01,Andhra Pradesh,5408,3892,1179,337,679465,83881,595584,125.6407174556213,0.0,0.9376849112426036,1129.2512268460605,38.30660657378581
2025-02,Andhra Pradesh,5400,4732,639,29,44051,7775,36276,8.157592592592593,-0.0014792899408283544,0.9946296296296296,1129.2512268460605,25.497181709069768
2025-03,Andhra Pradesh,3242,2827,378,37,45597,6541,39056,14.064466378778532,-0.39962962962962967,0.9885872917951881,1129.2512268460605,24.29805073321755
2025-04,Andhra Pradesh,1886,1640,225,21,46690,6463,40227,24.75609756097561,-0.41826033312769895,0.9888653234358431,1129.2512268460605,25.489129184947974
2025-05,Andhra Pradesh,3364,3024,315,25,28210,5440,22770,8.385850178359096,0.7836691410392365,0.9925683709869203,1129.2512268460605,28.991711196664372
2025-06,Andhra Pradesh,3318,2881,392,45,35435,5346,30089,10.679626280892103,-0.013674197384066611,0.9864376130198915,1129.2512268460605,25.578134276541203
2025-07,Andhra Pradesh,1623,1405,165,53,29925,6080,23845,18.43807763401109,-0.5108499095840868,0.9673444239063462,1129.2512268460605,23.895188680223338
2025-08,Andhra Pradesh,3830,3360,454,16,32283,4803,27480,8.428981723237598,1.3598274799753542,0.995822454308094,1129.2512268460605,31.636644765814324
2025-09,Andhra Pradesh,3375,2994,359,22,33485,4734,28751,9.921481481481482,-0.118798955613577,0.9934814814814815,1129.2512268460605,25.159261700855563
2025-10,Andhra Pradesh,3725,3264,386,75,31889,3604,28285,8.560805369127516,0.10370370370370363,0.9798657718120806,1129.2512268460605,25.719794998419225
2025-11,Andhra Pradesh,3047,2628,373,46,38565,4840,33725,12.656711519527404,-0.18201342281879196,0.9849031834591402,1129.2512268460605,25.02979267371399
2025-12,Andhra Pradesh,3060,2651,388,21,37744,4551,33193,12.334640522875818,0.00426649163111259,0.9931372549019608,1129.2512268460605,25.98870072017485
2025-01,Arunachal Pradesh,628,169,416,43,6995,854,6141,11.138535031847134,0.0,0.9315286624203821,147.05356167056954,24.376078171049052
2025-02,Arunachal Pradesh,158,104,54,0,1215,198,1017,7.689873417721519,-0.7484076433121019,1.0,147.05356167056954,21.991772342633624
2025-03,Arunachal Pradesh,136,74,60,2,1191,210,981,8.757352941176471,-0.1392405063291139,0.9852941176470589,147.05356167056954,24.546575402961075
2025-04,Arunachal Pradesh,109,56,53,0,1130,175,955,10.36697247706422,-0.19852941176470584,1.0,147.05356167056954,24.76675644831448
2025-05,Arunachal Pradesh,122,71,51,0,779,139,640,6.385245901639344,0.11926605504587151,1.0,147.05356167056954,25.714408208422267
2025-06,Arunachal Pradesh,113,51,60,2,654,125,529,5.787610619469026,-0.07377049180327866,0.9823008849557522,147.05356167056954,24.42686384927369
2025-07,Arunachal Pradesh,105,42,62,1,504,84,420,4.8,-0.07079646017699115,0.9904761904761905,147.05356167056954,24.48646066137629
2025-08,Arunachal Pradesh,171,81,90,0,1146,204,942,6.701754385964913,0.6285714285714286,1.0,147.05356167056954,28.027949524747065
2025-09,Arunachal Pradesh,143,76,67,0,1031,191,840,7.20979020979021,-0.16374269005847952,1.0,147.05356167056954,24.547548727554226
2025-10,Arunachal Pradesh,95,41,52,2,857,164,693,9.021052631578947,-0.3356643356643356,0.9789473684210527,147.05356167056954,23.573155808976633
2025-11,Arunachal Pradesh,110,54,55,1,1040,153,887,9.454545454545455,0.1578947368421053,0.990909090909091,147.05356167056954,26.06944710194731
2025-12,Arunachal Pradesh,111,42,66,3,904,182,722,8.144144144144144,0.009090909090909038,0.972972972972973,147.05356167056954,24.890245776994995
2025-01,Assam,100641,55627,31225,13789,204077,17932,186145,2.027771981597957,0.0,0.8629882453473237,27937.831904746632,28.13312149001932
2025-02,Assam,5789,4125,1563,101,23038,2207,20831,3.9796165140784248,-0.9424787114595443,0.9825531179823804,27937.831904746632,26.544299977698316
2025-03,Assam,3676,2510,934,232,21726,2126,19600,5.910228509249184,-0.3650025911210917,0.9368879216539717,27937.831904746632,28.44072393146735
2025-04,Assam,2894,2059,794,41,26151,2299,23852,9.036281962681409,-0.21273122959738844,0.9858327574291638,27937.831904746632,30.471058536630025
2025-05,Assam,4606,3347,1201,58,19304,1730,17574,4.191055145462441,0.5915687629578439,0.9874077290490665,27937.831904746632,33.52182723503533
2025-06,Assam,4249,2830,1084,335,20398,2042,18356,4.800658978583196,-0.07750759878419455,0.9211579195104731,27937.831904746632,29.279207578953244
2025-07,Assam,1793,1081,443,269,12091,993,11098,6.743446737311768,-0.578018357260532,0.8499721137757947,27937.831904746632,25.8493618984741
2025-08,Assam,4863,3361,1393,109,29761,2657,27104,6.119884844746042,1.7122141662018961,0.9775858523545137,27937.831904746632,38.56221823633677
2025-09,Assam,3959,2826,1081,52,17433,1640,15793,4.40338469310432,-0.18589348139008843,0.9868653700429402,27937.831904746632,30.061857809853954
2025-10,Assam,4327,2946,1171,210,21969,1889,20080,5.077189738849087,0.09295276584996204,0.9514675294661428,27937.831904746632,30.679968070998743
2025-11,Assam,3776,2467,1103,206,20462,1724,18738,5.418961864406779,-0.12733995840073953,0.9454449152542372,27937.831904746632,29.615630826424983
2025-12,Assam,3242,1910,898,434,15676,1437,14239,4.835286859962986,-0.14141949152542377,0.8661320172732881,27937.831904746632,27.897189675962803
2025-01,Bihar,176378,64473,104798,7107,929759,81139,848620,5.271400061232127,0.0,0.9597058590073592,47763.03488498446,34.88174809616903
2025-02,Bihar,15018,6572,8379,67,124278,9912,114366,8.275269676388334,-0.9148533263785733,0.9955386869090425,47763.03488498446,31.866581563736375
2025-03,Bihar,10100,4133,5851,116,121407,9808,111599,12.02049504950495,-0.32747369822879213,0.9885148514851485,47763.03488498446,34.795429437310666
2025-04,Bihar,6230,2580,3606,44,138082,9412,128670,22.164044943820226,-0.3831683168316832,0.9929373996789728,47763.03488498446,35.83872644081511
2025-05,Bihar,12048,5376,6569,103,99051,6664,92387,8.221364541832669,0.9338683788121991,0.9914508632138114,47763.03488498446,40.03998643228152
2025-06,Bihar,12258,4730,7384,144,107364,7809,99555,8.758688203622125,0.017430278884462247,0.9882525697503671,47763.03488498446,35.94441072673163
2025-07,Bihar,5272,2174,3027,71,67462,5667,61795,12.79628224582701,-0.5699135258606625,0.9865326251896813,47763.03488498446,33.764433604184305
2025-08,Bihar,13508,6097,7297,114,163158,11197,151961,12.078620076991413,1.5622154779969653,0.9915605567071365,47763.03488498446,43.30787471885784
2025-09,Bihar,13340,5951,7161,228,116634,8101,108533,8.743178410794602,-0.012437074326325126,0.9829085457271365,47763.03488498446,35.70221862316201
2025-10,Bihar,13816,6569,7134,113,126935,8111,118824,9.187536189924725,0.03568215892053983,0.9918210770121598,47763.03488498446,36.148236121698886
2025-11,Bihar,10670,4576,5989,105,115243,8358,106885,10.800656044985942,-0.22770700636942676,0.9901593252108716,47763.03488498446,35.12939765167178
2025-12,Bihar,11312,4548,6660,104,95305,6990,88315,8.425123762376238,0.06016869728209939,0.9908062234794908,47763.03488498446,36.14688897755434
2025-01,Chandigarh,150,117,23,10,37968,6930,31038,253.12,0.0,0.9333333333333333,33.614007722250484,53.1027388313179
2025-02,Chandigarh,82,80,2,0,729,92,637,8.890243902439025,-0.45333333333333337,1.0,33.614007722250484,23.42750205662775
2025-03,Chandigarh,28,25,3,0,870,89,781,31.071428571428573,-0.6585365853658536,1.0,33.614007722250484,25.142729367888382
2025-04,Chandigarh,34,29,4,1,905,119,786,26.61764705882353,0.2142857142857142,0.9705882352941176,33.614007722250484,27.926428249301928
2025-05,Chandigarh,78,74,4,0,470,55,415,6.0256410256410255,1.2941176470588234,1.0,33.614007722250484,30.89656012342005
2025-06,Chandigarh,57,48,9,0,770,91,679,13.508771929824562,-0.2692307692307693,1.0,33.614007722250484,24.798298846173537
2025-07,Chandigarh,38,37,0,1,569,51,518,14.973684210526315,-0.33333333333333337,0.9736842105263158,33.614007722250484,24.15936280842504
2025-08,Chandigarh,73,68,5,0,910,98,812,12.465753424657533,0.9210526315789473,1.0,33.614007722250484,29.993656438294142
2025-09,Chandigarh,79,73,6,0,678,93,585,8.582278481012658,0.08219178082191791,1.0,33.614007722250484,25.784107773174114
2025-10,Chandigarh,104,90,9,5,670,60,610,6.4423076923076925,0.31645569620253156,0.9519230769230769,33.614007722250484,25.615496637084046
2025-11,Chandigarh,70,62,8,0,928,92,836,13.257142857142858,-0.32692307692307687,1.0,33.614007722250484,24.510622959293478
2025-12,Chandigarh,52,47,4,1,771,73,698,14.826923076923077,-0.2571428571428571,0.9807692307692307,33.614007722250484,24.6241267036626
2025-01,Chhattisgarh,13667,9591,3049,1027,665537,51696,613841,48.69664154532816,0.0,0.9248554913294798,3358.3646577229256,29.417103006522694
2025-02,Chhattisgarh,3506,2764,733,9,25901,2289,23612,7.387621220764404,-0.7434696714714275,0.9974329720479178,3358.3646577229256,22.644102516063
2025-03,Chhattisgarh,1823,1449,293,81,28918,2999,25919,15.86286341195831,-0.48003422703936105,0.9555677454744926,3358.3646577229256,23.989792966301387
2025-04,Chhattisgarh,1038,830,192,16,33878,2901,30977,32.63776493256262,-0.4306088864509051,0.9845857418111753,3358.3646577229256,26.781700193995974
2025-05,Chhattisgarh,2334,1860,460,14,15755,1664,14091,6.750214224507284,1.2485549132947975,0.9940017137960583,3358.3646577229256,31.401785783815416
2025-06,Chhattisgarh,1998,1641,327,30,24007,2417,21590,12.015515515515515,-0.14395886889460152,0.984984984984985,3358.3646577229256,25.623425305084695
2025-07,Chhattisgarh,1188,957,228,3,12847,1750,11097,10.813973063973064,-0.4054054054054054,0.9974747474747475,3358.3646577229256,24.5622826862149
2025-08,Chhattisgarh,3032,2451,557,24,44132,3863,40269,14.555408970976254,1.5521885521885523,0.9920844327176781,3358.3646577229256,33.646558181857365
2025-09,Chhattisgarh,2992,2520,456,16,27930,2516,25414,9.334893048128341,-0.01319261213720313,0.9946524064171123,3358.3646577229256,26.083032171813713
2025-10,Chhattisgarh,2796,2273,482,41,33973,2999,30974,12.150572246065808,-0.06550802139037437,0.9853361945636624,3358.3646577229256,25.99705741573978
2025-11,Chhattisgarh,2245,1776,448,21,32641,3114,29527,14.539420935412027,-0.19706723891273248,0.9906458797327394,3358.3646577229256,25.798824342084693
2025-12,Chhattisgarh,2496,1988,490,18,32525,2680,29845,13.03084935897436,0.11180400890868603,0.9927884615384616,3358.3646577229256,27.0429362457843
2025-01,Dadra & Nagar Haveli,1,1,0,0,2,0,2,2.0,0.0,1.0,0.44095855184409843,24.628279810838745
2025-02,Dadra & Nagar Haveli,2,2,0,0,7,1,6,3.5,1.0,1.0,0.44095855184409843,29.27507960487211
2025-03,Dadra & Nagar Haveli,1,1,0,0,7,3,4,7.0,-0.5,1.0,0.44095855184409843,22.987231736522233
2025-05,Dadra & Nagar Haveli,1,0,1,0,8,1,7,8.0,0.0,1.0,0.44095855184409843,25.340299104091102
2025-06,Dadra & Nagar Haveli,1,0,1,0,2,0,2,2.0,0.0,1.0,0.44095855184409843,24.628279810838745
2025-08,Dadra & Nagar Haveli,1,1,0,0,9,2,7,9.0,0.0,1.0,0.44095855184409843,25.45896898629983
2025-09,Dadra & Nagar Haveli,1,1,0,0,10,1,9,10.0,0.0,1.0,0.44095855184409843,25.577638868508558
2025-10,Dadra & Nagar Haveli,2,2,0,0,6,2,4,3.0,1.0,1.0,0.44095855184409843,29.21574466376775
2025-11,Dadra & Nagar Haveli,1,1,0,0,4,0,4,4.0,-0.5,1.0,0.44095855184409843,22.631222089896056
2025-01,Dadra and Nagar Haveli,16,16,0,0,1274,147,1127,79.625,0.0,1.0,12.536915187726303,33.84273189990138
2025-02,Dadra and Nagar Haveli,38,35,3,0,102,21,81,2.6842105263157894,1.375,1.0,12.536915187726303,30.856770560753223
2025-03,Dadra and Nagar Haveli,25,25,0,0,124,34,90,4.96,-0.3421052631578947,1.0,12.536915187726303,23.453446865329862
2025-04,Dadra and Nagar Haveli,7,6,1,0,147,40,107,21.0,-0.72,1.0,12.536915187726303,23.668177676496175
2025-05,Dadra and Nagar Haveli,4,4,0,0,77,36,41,19.25,-0.4285714285714286,1.0,12.536915187726303,24.762839916955098
2025-06,Dadra and Nagar Haveli,8,7,1,0,187,71,116,23.375,1.0,1.0,12.536915187726303,31.63634599638079
2025-07,Dadra and Nagar Haveli,6,5,1,0,111,43,68,18.5,-0.25,1.0,12.536915187726303,25.47183660721289
2025-08,Dadra and Nagar Haveli,22,19,2,1,186,32,154,8.454545454545455,2.6666666666666665,0.9545454545454546,12.536915187726303,36.404638121747254
2025-09,Dadra and Nagar Haveli,32,29,3,0,156,39,117,4.875,0.4545454545454546,1.0,12.536915187726303,27.003428646035555
2025-10,Dadra and Nagar Haveli,24,17,7,0,106,18,88,4.416666666666667,-0.25,1.0,12.536915187726303,23.80056909943999
2025-11,Dadra and Nagar Haveli,38,36,2,0,178,47,131,4.684210526315789,0.5833333333333333,1.0,12.536915187726303,27.55631430668378
2025-12,Dadra and Nagar Haveli,31,28,2,1,105,23,82,3.3870967741935485,-0.1842105263157895,0.967741935483871,12.536915187726303,23.327228540378307
2025-01,Dadra and Nagar Haveli and Daman and Diu,2,1,1,0,499,45,454,249.5,0.0,1.0,2.5690465157330262,53.999551115611474
2025-02,Dadra and Nagar Haveli and Daman and Diu,8,8,0,0,82,7,75,10.25,3.0,1.0,2.5690465157330262,39.014166709334454
2025-03,Dadra and Nagar Haveli and Daman and Diu,5,4,0,1,109,9,100,21.8,-0.375,0.8,2.5690465157330262,21.3026208226643
2025-04,Dadra and Nagar Haveli and Daman and Diu,3,1,2,0,66,1,65,22.0,-0.4,1.0,2.5690465157330262,25.21463492483803
2025-05,Dadra and Nagar Haveli and Daman and Diu,1,0,0,1,74,2,72,74.0,-0.6666666666666667,0.0,2.5690465157330262,10.19379014083308
2025-06,Dadra and Nagar Haveli and Daman and Diu,4,1,3,0,112,11,101,28.0,3.0,1.0,2.5690465157330262,41.120557118539345
2025-08,Dadra and Nagar Haveli and Daman and Diu,3,3,0,0,89,3,86,29.666666666666668,-0.25,1.0,2.5690465157330262,26.794756600712976
2025-09,Dadra and Nagar Haveli and Daman and Diu,7,4,3,0,77,2,75,11.0,1.3333333333333335,1.0,2.5690465157330262,31.65517750312386
2025-10,Dadra and Nagar Haveli and Daman and Diu,8,8,0,0,79,5,74,9.875,0.1428571428571428,1.0,2.5690465157330262,26.201679872876802
2025-11,Dadra and Nagar Haveli and Daman and Diu,8,3,3,2,79,4,75,9.875,0.0,0.75,2.5690465157330262,20.563280591345332
2025-12,Dadra and Nagar Haveli and Daman and Diu,6,4,1,1,125,15,110,20.833333333333332,-0.25,0.8333333333333334,2.5690465157330262,22.41317264120256
2025-02,Daman & Diu,2,2,0,0,18,1,17,9.0,0.0,1.0,0.5773502691896257,25.458999458982177
2025-04,Daman & Diu,1,1,0,0,18,1,17,18.0,-0.5,1.0,0.5773502691896257,24.29263091350058
2025-08,Daman & Diu,1,1,0,0,29,3,26,29.0,0.0,1.0,0.5773502691896257,27.832397103156715
2025-12,Daman & Diu,2,2,0,0,23,1,22,11.5,1.0,1.0,0.5773502691896257,30.22446913522428
2025-01,Daman and Diu,3,2,1,0,225,22,203,75.0,0.0,1.0,2.394437999475729,33.29161765909653
2025-02,Daman and Diu,4,3,1,0,41,6,35,10.25,0.33333333333333326,1.0,2.394437999475729,27.0973411096549
2025-03,Daman and Diu,1,0,1,0,42,3,39,42.0,-0.75,1.0,2.394437999475729,26.023915318168335
2025-05,Daman and Diu,1,1,0,0,15,3,12,15.0,0.0,1.0,2.394437999475729,26.171424726572923
2025-07,Daman and Diu,1,1,0,0,27,3,24,27.0,0.0,1.0,2.394437999475729,27.595463313077644
2025-08,Daman and Diu,6,4,2,0,39,3,36,6.5,5.0,1.0,2.394437999475729,47.50670558140015
2025-09,Daman and Diu,8,7,1,0,52,7,45,6.5,0.33333333333333326,1.0,2.394437999475729,26.652329051372174
2025-10,Daman and Diu,1,1,0,0,35,7,28,35.0,-0.875,1.0,2.394437999475729,24.634626771367213
2025-11,Daman and Diu,3,3,0,0,58,8,50,19.333333333333332,2.0,1.0,2.394437999475729,35.62325082425131
2025-12,Daman and Diu,4,4,0,0,60,9,51,15.0,0.33333333333333326,1.0,2.394437999475729,27.661023050146348
2025-01,Delhi,39672,26512,11181,1979,670947,86948,583999,16.91235632183908,0.0,0.9501159507965315,11033.102152778083,27.86516718784658
2025-02,Delhi,2405,1880,503,22,10550,1184,9366,4.386694386694387,-0.9393778987699133,0.9908523908523909,11033.102152778083,22.995589932905038
2025-03,Delhi,1112,838,251,23,12994,1466,11528,11.68525179856115,-0.5376299376299376,0.97931654676259,11033.102152778083,25.426321267708328
2025-04,Delhi,936,703,225,8,13427,1416,12011,14.34508547008547,-0.15827338129496404,0.9914529914529915,11033.102152778083,27.679958981070452
2025-05,Delhi,1147,862,273,12,8171,862,7309,7.123801220575414,0.22542735042735051,0.9895379250217959,11033.102152778083,28.499388601343817
2025-06,Delhi,1627,1169,407,51,13042,1505,11537,8.0159803318992,0.41848299912816045,0.9686539643515673,11033.102152778083,29.050310289972447
2025-07,Delhi,784,590,168,26,8867,916,7951,11.309948979591837,-0.5181315304240934,0.9668367346938775,11033.102152778083,25.21932226907292
2025-08,Delhi,1719,1305,370,44,14553,1565,12988,8.465968586387435,1.1926020408163267,0.9744037230948226,11033.102152778083,32.678084798227864
2025-09,Delhi,1845,1394,373,78,11180,1306,9874,6.059620596205962,0.0732984293193717,0.9577235772357724,11033.102152778083,27.056982498732175
2025-10,Delhi,1833,1418,391,24,10300,1157,9143,5.619203491543917,-0.006504065040650375,0.9869067103109657,11033.102152778083,27.231759928856093
2025-11,Delhi,1445,1093,329,23,13897,1542,12355,9.617301038062283,-0.21167484997272235,0.9840830449826989,11033.102152778083,26.73287421535191
2025-12,Delhi,1470,1123,318,29,12239,1314,10925,8.325850340136055,0.01730103806228378,0.9802721088435374,11033.102152778083,27.526645487234447
2025-01,Goa,105,67,23,15,6864,1072,5792,65.37142857142857,0.0,0.8571428571428571,24.013096174354278,29.296683412407088
2025-02,Goa,51,30,13,8,765,51,714,15.0,-0.5142857142857142,0.8431372549019608,24.013096174354278,20.740762458819155
2025-03,Goa,44,32,8,4,830,67,763,18.863636363636363,-0.13725490196078427,0.9090909090909091,24.013096174354278,24.203206212692432
2025-04,Goa,39,32,5,2,994,74,920,25.487179487179485,-0.11363636363636365,0.9487179487179487,24.013096174354278,25.887308492788442
2025-05,Goa,78,58,11,9,680,75,605,8.717948717948717,1.0,0.8846153846153846,24.013096174354278,27.591867151650995
2025-06,Goa,45,38,7,0,859,62,797,19.08888888888889,-0.42307692307692313,1.0,24.013096174354278,24.77083871102828
2025-07,Goa,27,24,3,0,553,55,498,20.48148148148148,-0.4,1.0,24.013096174354278,25.03922354774184
2025-08,Goa,101,86,11,4,1121,85,1036,11.099009900990099,2.740740740740741,0.9603960396039604,24.013096174354278,37.16905396909592
2025-09,Goa,64,51,9,4,837,58,779,13.078125,-0.36633663366336633,0.9375,24.013096174354278,23.061102788317882
2025-10,Goa,70,60,8,2,891,30,861,12.728571428571428,0.09375,0.9714285714285714,24.013096174354278,25.754225570352716
2025-11,Goa,68,58,7,3,1017,62,955,14.955882352941176,-0.02857142857142858,0.9558823529411765,24.013096174354278,25.16098654083067
2025-12,Goa,75,63,8,4,972,64,908,12.96,0.10294117647058831,0.9466666666666667,24.013096174354278,25.327524559612552
2025-01,Gujarat,119113,68902,39809,10402,594788,77438,517350,4.993476782551023,0.0,0.9126711609983796,33181.20043675699,30.650194764521633
2025-02,Gujarat,6802,5304,1362,136,32369,2880,29489,4.758747427227286,-0.9428945623063814,0.980005880623346,33181.20043675699,27.75543137411951
2025-03,Gujarat,4199,3038,990,171,35850,3789,32061,8.537747082638724,-0.38268156424581,0.9592760180995475,33181.20043675699,30.29276459588324
2025-04,Gujarat,2400,1648,662,90,34321,3224,31097,14.300416666666667,-0.4284353417480352,0.9625,33181.20043675699,30.836635303843302
2025-05,Gujarat,1885,1468,399,18,19838,2200,17638,10.524137931034483,-0.21458333333333335,0.9904509283819629,33181.20043675699,31.903184098419818
2025-06,Gujarat,2749,1972,572,205,29719,3677,26042,10.81084030556566,0.4583554376657826,0.925427428155693,33181.20043675699,33.64396242635254
2025-07,Gujarat,1541,1035,246,260,19477,2474,17003,12.63919532770928,-0.43943252091669693,0.8312783906554185,33181.20043675699,27.965922037373954
2025-08,Gujarat,5019,3657,1065,297,37372,3698,33674,7.4461048017533376,2.2569759896171315,0.9408248655110579,33181.20043675699,41.59028488435323
2025-09,Gujarat,5791,4570,1156,65,28298,3055,25243,4.88654809186669,0.15381550109583575,0.9887756864099465,33181.20043675699,32.84696599534062
2025-10,Gujarat,5689,4252,1229,208,30116,2772,27344,5.29372473193883,-0.017613538249007132,0.963438214097381,33181.20043675699,31.62245492414517
2025-11,Gujarat,5558,4112,1224,222,36161,3496,32665,6.506117308384311,-0.02302689400597646,0.9600575746671465,33181.20043675699,31.674525442796543
2025-12,Gujarat,6070,4569,1321,180,39332,3850,35482,6.479736408566722,0.09211946743432886,0.9703459637561779,33181.20043675699,32.39172808720443
2025-01,Haryana,21843,17488,3715,640,464175,57867,406308,21.250515039142975,0.0,0.9706999954218742,5765.4408876327825,27.61475425182496
2025-02,Haryana,2636,2421,208,7,14555,1729,12826,5.521623672230652,-0.8793206061438447,0.9973444613050075,5765.4408876327825,22.35159438131596
2025-03,Haryana,1572,1441,122,9,17990,2162,15828,11.444020356234097,-0.40364188163884673,0.9942748091603053,5765.4408876327825,25.11872214705253
2025-04,Haryana,824,741,82,1,14803,1681,13122,17.964805825242717,-0.4758269720101781,0.9987864077669902,5765.4408876327825,25.660194593889464
2025-05,Haryana,2394,2188,193,13,12233,1522,10711,5.109857978279031,1.9053398058252426,0.9945697577276524,5765.4408876327825,34.691312567541345
2025-06,Haryana,1824,1659,153,12,12744,1549,11195,6.9868421052631575,-0.23809523809523814,0.993421052631579,5765.4408876327825,25.31250820653928
2025-07,Haryana,1004,912,90,2,9683,1117,8566,9.644422310756973,-0.44956140350877194,0.99800796812749,5765.4408876327825,24.774622309926198
2025-08,Haryana,2606,2426,166,14,16643,1877,14766,6.386415963161934,1.595617529880478,0.9946277820414429,5765.4408876327825,33.45987669045382
2025-09,Haryana,2578,2280,265,33,11767,1477,10290,4.564391000775795,-0.010744435917114381,0.9871993793638479,5765.4408876327825,25.916586875321567
2025-10,Haryana,2634,2420,204,10,14252,1676,12576,5.410782080485953,0.021722265321955092,0.9962034927866363,5765.4408876327825,26.34219730472209
2025-11,Haryana,1935,1774,135,26,15726,1894,13832,8.127131782945737,-0.265375854214123,0.98656330749354,5765.4408876327825,25.188759865402698
2025-12,Haryana,1861,1664,166,31,16693,1775,14918,8.969908651262761,-0.038242894056847554,0.983342289091886,5765.4408876327825,26.239362359096685
2025-01,Himachal Pradesh,303,238,29,36,32341,4555,27786,106.73597359735973,0.0,0.8811881188118812,151.9448663964743,34.71489688981513
2025-02,Himachal Pradesh,543,520,21,2,2920,432,2488,5.377532228360957,0.7920792079207921,0.996316758747698,151.9448663964743,28.52891497118078
2025-03,Himachal Pradesh,282,270,6,6,3185,533,2652,11.294326241134751,-0.48066298342541436,0.9787234042553191,151.9448663964743,23.191569226170934
2025-04,Himachal Pradesh,135,123,12,0,3225,366,2859,23.88888888888889,-0.5212765957446808,1.0,151.9448663964743,24.93020250046884
2025-05,Himachal Pradesh,507,494,12,1,2707,326,2381,5.339250493096647,2.7555555555555555,0.9980276134122288,151.9448663964743,37.3329624028953
2025-06,Himachal Pradesh,405,388,15,2,3008,458,2550,7.42716049382716,-0.20118343195266275,0.9950617283950617,151.9448663964743,24.308356419291762
2025-07,Himachal Pradesh,243,231,10,2,1616,291,1325,6.650205761316872,-0.4,0.9917695473251029,151.9448663964743,23.26184119191827
2025-08,Himachal Pradesh,584,559,21,4,4053,417,3636,6.940068493150685,1.403292181069959,0.9931506849315068,151.9448663964743,31.382404949794406
2025-09,Himachal Pradesh,553,534,15,4,3875,427,3448,7.007233273056058,-0.05308219178082196,0.9927667269439421,151.9448663964743,24.874457753681583
2025-10,Himachal Pradesh,613,592,18,3,4008,393,3615,6.5383360522022835,0.10849909584086803,0.9951060358890701,151.9448663964743,25.587673600103738
2025-11,Himachal Pradesh,480,459,18,3,3951,478,3473,8.23125,-0.21696574225122345,0.99375,151.9448663964743,24.307015149484776
2025-12,Himachal Pradesh,402,384,14,4,4259,526,3733,10.59452736318408,-0.16249999999999998,0.9900497512437811,151.9448663964743,24.75685625572482
2025-01,Jammu & Kashmir,2,2,0,0,9,0,9,4.5,0.0,1.0,1.5075567228888183,24.925192816074762
2025-02,Jammu & Kashmir,5,4,1,0,13,1,12,2.6,1.5,1.0,1.5075567228888183,31.402912495958603
2025-03,Jammu & Kashmir,1,1,0,0,10,1,9,10.0,-0.8,1.0,1.5075567228888183,22.002841191646535
2025-04,Jammu & Kashmir,3,2,1,0,21,0,21,7.0,2.0,1.0,1.5075567228888183,34.15945746303714
2025-05,Jammu & Kashmir,4,3,1,0,10,2,8,2.5,0.33333333333333326,1.0,1.5075567228888183,26.17745137523074
2025-06,Jammu & Kashmir,5,4,1,0,14,1,13,2.8,0.25,1.0,1.5075567228888183,25.840652758999997
2025-07,Jammu & Kashmir,2,2,0,0,6,0,6,3.0,-0.6,1.0,1.5075567228888183,22.065911010329504
2025-08,Jammu & Kashmir,2,1,1,0,16,0,16,8.0,0.0,1.0,1.5075567228888183,25.340537403805307
2025-09,Jammu & Kashmir,4,4,0,0,9,2,7,2.25,1.0,1.0,1.5075567228888183,29.12698055182541
2025-10,Jammu & Kashmir,6,4,2,0,13,0,13,2.1666666666666665,0.5,1.0,1.5075567228888183,26.88269390961454
2025-11,Jammu & Kashmir,4,2,2,0,21,3,18,5.25,-0.33333333333333337,1.0,1.5075567228888183,23.524596904157878
2025-12,Jammu & Kashmir,4,3,1,0,14,0,14,3.5,0.0,1.0,1.5075567228888183,24.806522933866038
2025-01,Jammu and Kashmir,1387,1079,272,36,140527,21138,119389,101.31723143475126,0.0,0.9740447007930786,436.308168823159,35.99251957784466
2025-02,Jammu and Kashmir,1804,1453,350,1,6089,876,5213,3.375277161862528,0.30064888248017296,0.9994456762749445,436.308168823159,26.221317124605847
2025-03,Jammu and Kashmir,681,528,149,4,5734,823,4911,8.419970631424375,-0.6225055432372506,0.9941262848751835,436.308168823159,22.588194621578474
2025-04,Jammu and Kashmir,452,363,88,1,6024,822,5202,13.327433628318584,-0.3362701908957415,0.9977876106194691,436.308168823159,24.522916295235387
2025-05,Jammu and Kashmir,1053,793,201,59,4069,645,3424,3.8641975308641974,1.329646017699115,0.9439696106362773,436.308168823159,29.768193157183365
2025-06,Jammu and Kashmir,912,685,150,77,5961,851,5110,6.536184210526316,-0.1339031339031339,0.9155701754385965,436.308168823159,22.976987709686473
2025-07,Jammu and Kashmir,571,438,82,51,3232,482,2750,5.660245183887916,-0.3739035087719298,0.9106830122591943,436.308168823159,21.702784396800567
2025-08,Jammu and Kashmir,1323,1048,253,22,7806,1131,6675,5.900226757369614,1.316987740805604,0.983371126228269,436.308168823159,30.741271573386413
2025-09,Jammu and Kashmir,1375,1132,242,1,6102,802,5300,4.437818181818182,0.039304610733182255,0.9992727272727273,436.308168823159,25.17605579503207
2025-10,Jammu and Kashmir,1491,1258,228,5,5709,733,4976,3.82897384305835,0.08436363636363642,0.9966465459423206,436.308168823159,25.25264022958279
2025-11,Jammu and Kashmir,1000,828,167,5,5835,728,5107,5.835,-0.32930918846411805,0.995,436.308168823159,23.609145159374346
2025-12,Jammu and Kashmir,509,410,96,3,6147,742,5405,12.076620825147348,-0.491,0.9941060903732809,436.308168823159,23.609396289548506
2025-01,Jharkhand,21454,11159,9635,660,438858,19488,419370,20.455765824554863,0.0,0.9692365060128647,5268.842351000547,27.380221459567068
2025-02,Jharkhand,6421,3867,2545,9,24695,2338,22357,3.8459741473290765,-0.7007084925887946,0.9985983491667965,5268.842351000547,22.865053713176035
2025-03,Jharkhand,1966,1208,744,14,24817,2333,22484,12.623092573753814,-0.6938171624357576,0.9928789420142421,5268.842351000547,23.823041121450277
2025-04,Jharkhand,1239,769,461,9,25236,2143,23093,20.368038740920095,-0.3697863682604272,0.9927360774818402,5268.842351000547,26.187302863542005
2025-05,Jharkhand,4008,2670,1333,5,14013,1381,12632,3.49625748502994,2.234866828087167,0.9987524950099801,5268.842351000547,35.94512002412556
2025-06,Jharkhand,4020,2560,1440,20,21428,2142,19286,5.330348258706468,0.0029940119760478723,0.9950248756218906,5268.842351000547,26.114436956511383
2025-07,Jharkhand,2407,1542,847,18,14823,1423,13400,6.15828832571666,-0.4012437810945274,0.9925218113834648,5268.842351000547,24.356171405322005
2025-08,Jharkhand,5268,3233,1989,46,34459,3094,31365,6.541192103264996,1.188616535105941,0.9912680334092635,5268.842351000547,31.481294777201324
2025-09,Jharkhand,5107,3235,1857,15,27784,2525,25259,5.440375954572156,-0.03056188306757779,0.9970628549050323,5268.842351000547,26.01829910087333
2025-10,Jharkhand,5551,3478,2053,20,28567,2494,26073,5.146279949558638,0.08693949481104357,0.9963970455773734,5268.842351000547,26.495172142563828
2025-11,Jharkhand,4012,2430,1553,29,29101,2750,26351,7.253489531405783,-0.2772473428211133,0.9927716849451645,5268.842351000547,25.045250934373442
2025-12,Jharkhand,3772,2304,1460,8,33667,2929,30738,8.925503711558855,-0.05982053838484547,0.9978791092258749,5268.842351000547,26.317452955962313
2025-01,Karnataka,46370,28244,11740,6386,535710,105233,430477,11.552943713607936,0.0,0.8622816476169938,12159.381315251898,25.72411392226808
2025-02,Karnataka,6900,5749,1000,151,25149,2823,22326,3.6447826086956523,-0.8511968945438861,0.9781159420289856,12159.381315251898,23.298514862269908
2025-03,Karnataka,3823,2999,625,199,31788,4264,27524,8.314935914203506,-0.4459420289855073,0.9479466387653676,12159.381315251898,25.060336244726066
2025-04,Karnataka,2951,2433,461,57,31995,3876,28119,10.842087427990512,-0.22809312058592723,0.9806845137241613,12159.381315251898,26.988512622599597
2025-05,Karnataka,3265,2712,447,106,19706,2573,17133,6.035528330781011,0.10640460860725187,0.9675344563552833,12159.381315251898,27.64991944326274
2025-06,Karnataka,4802,3912,735,155,28673,4258,24415,5.971053727613494,0.4707503828483921,0.9677217825905873,12159.381315251898,29.274201337937466
2025-07,Karnataka,1878,1461,292,125,22266,3404,18862,11.856230031948881,-0.6089129529362766,0.9334398296059638,12159.381315251898,24.462161372032455
2025-08,Karnataka,5254,4399,790,65,38247,4917,33330,7.279596497906357,1.79765708200213,0.9876284735439665,12159.381315251898,35.75729375721406
2025-09,Karnataka,4924,4078,668,178,28248,3352,24896,5.736799350121852,-0.06280928816140086,0.9638505280259951,12159.381315251898,26.784608532874078
2025-10,Karnataka,6343,5338,889,116,29285,3451,25834,4.616900520258553,0.28818034118602753,0.9817121236008198,12159.381315251898,28.577442872547763
2025-11,Karnataka,5333,4470,739,124,31754,3895,27859,5.954247140446278,-0.15923064795837927,0.976748546784174,12159.381315251898,26.637486123971254
2025-12,Karnataka,4399,3594,628,177,34353,3881,30472,7.809274835189816,-0.17513594599662474,0.9597635826324165,12159.381315251898,26.446845243084127
2025-01,Kerala,2478,1363,912,203,95083,8822,86261,38.37086359967716,0.0,0.9180790960451978,840.1224432765558,27.493589744453793
2025-02,Kerala,3308,2281,1001,26,17216,1372,15844,5.204353083434099,0.3349475383373688,0.9921402660217654,840.1224432765558,26.53575912252526
2025-03,Kerala,1534,959,513,62,20973,1788,19185,13.672099087353324,-0.5362756952841596,0.9595827900912647,840.1224432765558,22.99615801999121
2025-04,Kerala,280,178,101,1,19667,1393,18274,70.23928571428571,-0.817470664928292,0.9964285714285714,840.1224432765558,29.18929235449693
2025-05,Kerala,1768,1326,393,49,13747,1028,12719,7.775452488687783,5.314285714285714,0.9722850678733032,840.1224432765558,48.695408621317846
2025-06,Kerala,1005,674,266,65,17187,1521,15666,17.101492537313433,-0.4315610859728507,0.9353233830845771,840.1224432765558,23.38588371606292
2025-07,Kerala,647,452,150,45,12971,950,12021,20.047913446676972,-0.3562189054726368,0.9304482225656878,840.1224432765558,23.97472068523909
2025-08,Kerala,2101,1524,563,14,26364,2266,24098,12.54831032841504,2.2472952086553324,0.9933365064255116,840.1224432765558,35.97708012319356
2025-09,Kerala,2357,1721,624,12,16451,1341,15110,6.979635129401782,0.1218467396477867,0.9949087823504454,840.1224432765558,25.849498182940632
2025-10,Kerala,2293,1672,567,54,19517,1528,17989,8.511556912341911,-0.027153160797624087,0.9764500654164849,840.1224432765558,24.996266816047637
2025-11,Kerala,2004,1514,437,53,18388,1554,16834,9.17564870259481,-0.12603576101177494,0.9735528942115769,840.1224432765558,24.57524501994583
2025-12,Kerala,1764,1277,450,37,22736,1653,21083,12.88888888888889,-0.11976047904191611,0.9790249433106576,840.1224432765558,25.15337872595443
2025-01,Ladakh,15,10,5,0,1997,567,1430,133.13333333333333,0.0,1.0,8.301149975099289,40.19161315769629
2025-02,Ladakh,24,21,3,0,87,15,72,3.625,0.6000000000000001,1.0,8.301149975099289,27.504151478413274
2025-03,Ladakh,6,4,2,0,110,23,87,18.333333333333332,-0.75,1.0,8.301149975099289,23.21671445209425
2025-04,Ladakh,10,7,1,2,87,12,75,8.7,0.6666666666666667,0.8,8.301149975099289,24.40432079533725
2025-05,Ladakh,18,13,3,2,81,16,65,4.5,0.8,0.8888888888888888,8.301149975099289,26.27952439726774
2025-06,Ladakh,10,7,2,1,128,17,111,12.8,-0.4444444444444444,0.9,8.301149975099289,21.925539567148274
2025-07,Ladakh,7,6,1,0,72,20,52,10.285714285714286,-0.30000000000000004,1.0,8.301149975099289,24.27266218447672
2025-08,Ladakh,15,12,3,0,118,23,95,7.866666666666666,1.1428571428571428,1.0,8.301149975099289,30.433426831934867
2025-09,Ladakh,18,14,4,0,89,19,70,4.944444444444445,0.19999999999999996,1.0,8.301149975099289,25.873211806928342
2025-10,Ladakh,35,30,5,0,82,16,66,2.342857142857143,0.9444444444444444,1.0,8.301149975099289,28.891251337607244
2025-11,Ladakh,7,6,1,0,118,21,97,16.857142857142858,-0.8,1.0,8.301149975099289,22.81809535363107
2025-12,Ladakh,15,13,2,0,106,16,90,7.066666666666666,1.1428571428571428,1.0,8.301149975099289,30.33849092616789
2025-01,Lakshadweep,3,3,0,0,15,0,15,5.0,0.0,1.0,3.4234042953903314,24.98495579647394
2025-02,Lakshadweep,13,11,2,0,23,4,19,1.7692307692307692,3.333333333333333,1.0,3.4234042953903314,39.49754402814924
2025-03,Lakshadweep,5,5,0,0,46,5,41,9.2,-0.6153846153846154,1.0,3.4234042953903314,22.73334162746119
2025-04,Lakshadweep,2,2,0,0,24,2,22,12.0,-0.6,1.0,3.4234042953903314,23.134367989502856
2025-05,Lakshadweep,5,4,1,0,14,5,9,2.8,1.5,1.0,3.4234042953903314,31.427074511695164
2025-06,Lakshadweep,7,6,1,0,55,4,51,7.857142857142857,0.3999999999999999,1.0,3.4234042953903314,27.111530591072697
2025-07,Lakshadweep,1,1,0,0,22,3,19,22.0,-0.8571428571428572,1.0,3.4234042953903314,23.171948104833483
2025-08,Lakshadweep,4,4,0,0,53,11,42,13.25,3.0,1.0,3.4234042953903314,39.37036723685678
2025-09,Lakshadweep,5,5,0,0,19,6,13,3.8,0.25,1.0,3.4234042953903314,25.95975068050354
2025-10,Lakshadweep,10,10,0,0,49,6,43,4.9,1.0,1.0,3.4234042953903314,29.44188377897335
2025-11,Lakshadweep,8,7,1,0,36,3,33,4.5,-0.19999999999999996,1.0,3.4234042953903314,24.03186186122552
2025-12,Lakshadweep,4,4,0,0,28,4,24,7.0,-0.5,1.0,3.4234042953903314,22.987898075531255
2025-01,Madhya Pradesh,116898,69536,42956,4406,1131351,164558,966793,9.678103988092182,0.0,0.9623090215401461,30941.028672837194,31.698376221691362
2025-02,Madhya Pradesh,16775,12898,3815,62,31929,3961,27968,1.9033681073025335,-0.8564988280381187,0.9963040238450075,30941.028672837194,27.628131621446762
2025-03,Madhya Pradesh,8398,6207,2078,113,48091,7046,41045,5.726482495832341,-0.4993740685543965,0.986544415336985,30941.028672837194,29.48254531454418
2025-04,Madhya Pradesh,5830,4237,1549,44,45620,5984,39636,7.825042881646655,-0.30578709216480116,0.9924528301886792,30941.028672837194,30.714850031857317
2025-05,Madhya Pradesh,7919,6614,1284,21,21213,2936,18277,2.678747316580376,0.3583190394511149,0.9973481500189418,30941.028672837194,33.16980028093457
2025-06,Madhya Pradesh,7774,6105,1501,168,39436,6002,33434,5.072806791870337,-0.018310392726354374,0.9783895034731155,30941.028672837194,31.391650393611474
2025-07,Madhya Pradesh,4702,3877,729,96,26038,3835,22203,5.537643555933645,-0.3951633650630306,0.9795831561037857,30941.028672837194,29.78660690278343
2025-08,Madhya Pradesh,13404,10334,2981,89,50107,6858,43249,3.7382124738883915,1.8507018290089325,0.9933601909877648,30941.028672837194,39.884920410098495
2025-09,Madhya Pradesh,13940,10909,2940,91,36669,5160,31509,2.6304878048780487,0.03998806326469717,0.9934720229555237,30941.028672837194,31.663994923690698
2025-10,Madhya Pradesh,14344,11213,3000,131,45872,6010,39862,3.1979921918572227,0.028981348637015847,0.990867261572783,30941.028672837194,31.630058623819302
2025-11,Madhya Pradesh,11032,8342,2539,151,47578,6173,41405,4.312726613488035,-0.2308979364194088,0.9863125453226976,30941.028672837194,30.50990245927201
2025-12,Madhya Pradesh,11120,8435,2414,271,50798,6454,44344,4.568165467625899,0.00797679477882518,0.9756294964028777,30941.028672837194,31.394036577018504
2025-01,Maharashtra,90417,58991,27449,3977,843091,65390,777701,9.324474379817955,0.0,0.9560149087007974,24119.818733143435,30.006531812565772
2025-02,Maharashtra,12505,9870,2587,48,57675,3949,53726,4.612155137944822,-0.8616963624097238,0.9961615353858456,24119.818733143435,26.399509606279203
2025-03,Maharashtra,6806,5121,1580,105,146356,7753,138603,21.50396708786365,-0.4557377049180328,0.9845724360858067,24119.818733143435,29.986422961586484
2025-04,Maharashtra,4594,3314,1223,57,155322,6367,148955,33.809751850239444,-0.32500734645900675,0.9875925119721376,24119.818733143435,32.09135767595234
2025-05,Maharashtra,4743,3774,939,30,51317,3528,47789,10.819523508328063,0.03243360905528947,0.9936748893105629,24119.818733143435,31.082087877766227
2025-06,Maharashtra,4013,3017,905,91,127884,5838,122046,31.86743084973835,-0.15391102677630197,0.9773236979815599,24119.818733143435,32.420080764706604
2025-07,Maharashtra,3706,2898,689,119,108482,3831,104651,29.271991365353482,-0.07650137054572637,0.9678899082568807,24119.818733143435,32.26933235476957
2025-08,Maharashtra,8605,6642,1852,111,129910,6439,123471,15.097036606624055,1.3219104155423635,0.9871005229517722,24119.818733143435,37.22061999380137
2025-09,Maharashtra,9927,7691,2163,73,56596,4400,52196,5.701218897955072,0.15363160952934352,0.9926463181222928,24119.818733143435,30.995736863759284
2025-10,Maharashtra,10209,7835,2238,136,157775,6154,151621,15.454500930551474,0.02840737382895142,0.9866784210010775,24119.818733143435,31.474198316581482
2025-11,Maharashtra,8118,5880,2094,144,127047,6278,120769,15.650036954915004,-0.20481927710843373,0.9822616407982262,24119.818733143435,30.366824864756314
2025-12,Maharashtra,8288,6032,2087,169,194035,7792,186243,23.41155888030888,0.020941118502094014,0.9796090733590733,24119.818733143435,32.24370932911235
2025-01,Manipur,3375,780,2483,112,31871,4487,27384,9.443259259259259,0.0,0.9668148148148148,899.8279086311533,25.048808134896117
2025-02,Manipur,578,239,333,6,8916,1292,7624,15.42560553633218,-0.8287407407407408,0.9896193771626297,899.8279086311533,22.511351255631254
2025-03,Manipur,212,79,131,2,9427,1245,8182,44.466981132075475,-0.6332179930795847,0.9905660377358491,899.8279086311533,26.850372159631476
2025-04,Manipur,171,55,114,2,8789,1147,7642,51.39766081871345,-0.19339622641509435,0.9883040935672515,899.8279086311533,29.593069517182848
2025-05,Manipur,363,155,206,2,6911,908,6003,19.038567493112946,1.1228070175438596,0.9944903581267218,899.8279086311533,31.758587452091536
2025-06,Manipur,282,111,168,3,9044,1157,7887,32.0709219858156,-0.22314049586776863,0.9893617021276596,899.8279086311533,27.18779882587434
2025-07,Manipur,136,61,64,11,6615,753,5862,48.63970588235294,-0.5177304964539007,0.9191176470588235,899.8279086311533,26.43267104479776
2025-08,Manipur,280,111,150,19,12844,1923,10921,45.871428571428574,1.0588235294117645,0.9321428571428572,899.8279086311533,33.40996080592724
2025-09,Manipur,245,112,126,7,5425,818,4607,22.142857142857142,-0.125,0.9714285714285714,899.8279086311533,26.08954368077597
2025-10,Manipur,379,165,211,3,12097,1553,10544,31.91820580474934,0.546938775510204,0.9920844327176781,899.8279086311533,30.66545700144603
2025-11,Manipur,265,119,144,2,9652,1118,8534,36.422641509433966,-0.3007915567282322,0.9924528301886792,899.8279086311533,27.419032760123603
2025-12,Manipur,213,93,116,4,9945,1362,8583,46.690140845070424,-0.19622641509433958,0.9812206572769953,899.8279086311533,28.880112417674276
2025-01,Meghalaya,86415,16257,43911,26247,27468,2296,25172,0.317861482381531,0.0,0.6962680090262108,24745.99129825543,23.882679807895542
2025-02,Meghalaya,778,162,366,250,1349,144,1205,1.7339331619537275,-0.9909969334027657,0.6786632390745502,24745.99129825543,19.270067356286777
2025-03,Meghalaya,908,156,316,436,2258,231,2027,2.486784140969163,0.16709511568123392,0.5198237885462555,24745.99129825543,21.357895007299092
2025-04,Meghalaya,496,94,237,165,1980,213,1767,3.9919354838709675,-0.45374449339207046,0.6673387096774194,24745.99129825543,21.712404639840106
2025-05,Meghalaya,1064,211,476,377,1657,185,1472,1.5573308270676691,1.1451612903225805,0.6456766917293233,24745.99129825543,28.13543215795012
2025-06,Meghalaya,286,71,158,57,830,130,700,2.902097902097902,-0.731203007518797,0.8006993006993007,24745.99129825543,23.01038035030904
2025-07,Meghalaya,108,24,63,21,309,41,268,2.861111111111111,-0.6223776223776224,0.8055555555555556,24745.99129825543,23.5889598835812
2025-08,Meghalaya,726,173,299,254,1808,184,1624,2.490358126721763,5.722222222222222,0.650137741046832,24745.99129825543,48.78932225720117
2025-09,Meghalaya,615,145,292,178,1586,150,1436,2.5788617886178864,-0.15289256198347112,0.7105691056910569,24745.99129825543,23.753768869155152
2025-10,Meghalaya,853,156,286,411,2324,231,2093,2.724501758499414,0.38699186991869916,0.5181711606096131,24745.99129825543,22.335725879651598
2025-11,Meghalaya,764,158,277,329,1862,193,1669,2.43717277486911,-0.10433763188745604,0.569371727748691,24745.99129825543,21.129989119152746
2025-12,Meghalaya,1083,189,435,459,1931,205,1726,1.7830101569713759,0.41753926701570676,0.5761772853185596,24745.99129825543,23.520631730892394
2025-01,Mizoram,2367,1551,538,278,16959,2138,14821,7.164765525982256,0.0,0.8825517532741868,657.660983864004,23.039053307156507
2025-02,Mizoram,134,87,19,28,674,83,591,5.029850746268656,-0.9433882551753274,0.7910447761194029,657.660983864004,16.73975498846246
2025-03,Mizoram,85,57,24,4,812,94,718,9.552941176470588,-0.3656716417910447,0.9529411764705882,657.660983864004,23.096134700450886
2025-04,Mizoram,52,38,14,0,700,83,617,13.461538461538462,-0.388235294117647,1.0,657.660983864004,24.400311614421273
2025-05,Mizoram,87,65,20,2,275,36,239,3.160919540229885,0.6730769230769231,0.9770114942528736,657.660983864004,27.460954963973162
2025-06,Mizoram,66,45,17,4,453,70,383,6.863636363636363,-0.24137931034482762,0.9393939393939394,657.660983864004,23.061487419221464
2025-07,Mizoram,31,16,11,4,276,28,248,8.903225806451612,-0.5303030303030303,0.8709677419354839,657.660983864004,20.64386044231439
2025-08,Mizoram,100,67,29,4,754,91,663,7.54,2.225806451612903,0.96,657.660983864004,34.5792199492696
2025-09,Mizoram,145,108,35,2,480,53,427,3.310344827586207,0.44999999999999996,0.9862068965517241,657.660983864004,26.665710259269844
2025-10,Mizoram,110,81,27,2,776,94,682,7.054545454545455,-0.24137931034482762,0.9818181818181818,657.660983864004,23.93262742703707
2025-11,Mizoram,85,57,14,14,705,67,638,8.294117647058824,-0.2272727272727273,0.8352941176470589,657.660983864004,21.212285457176037
2025-12,Mizoram,112,77,29,6,688,74,614,6.142857142857143,0.3176470588235294,0.9464285714285714,657.660983864004,25.614819501725307
2025-01,Nagaland,9289,2691,5946,652,8009,764,7245,0.8622026052319949,0.0,0.9298094520400474,2630.717386892208,23.677103793603383
2025-02,Nagaland,218,46,159,13,777,64,713,3.5642201834862384,-0.9765313812035741,0.9403669724770642,2630.717386892208,19.844983785007997
2025-03,Nagaland,168,51,106,11,1137,96,1041,6.767857142857143,-0.22935779816513757,0.9345238095238095,2630.717386892208,23.447261296688186
2025-04,Nagaland,99,30,63,6,897,106,791,9.06060606060606,-0.4107142857142857,0.9393939393939394,2630.717386892208,23.00629917862711
2025-05,Nagaland,206,57,146,3,634,67,567,3.0776699029126213,1.0808080808080809,0.9854368932038835,2630.717386892208,29.882471575962143
2025-06,Nagaland,112,32,79,1,747,97,650,6.669642857142857,-0.4563106796116505,0.9910714285714286,2630.717386892208,23.55235270472499
2025-07,Nagaland,120,12,54,54,391,39,352,3.2583333333333333,0.0714285714285714,0.55,2630.717386892208,16.684462944828667
2025-08,Nagaland,356,100,137,119,974,107,867,2.735955056179775,1.9666666666666668,0.6657303370786517,2630.717386892208,27.40650958610097
2025-09,Nagaland,194,59,105,30,686,66,620,3.536082474226804,-0.4550561797752809,0.845360824742268,2630.717386892208,20.271887489166733
2025-10,Nagaland,162,58,95,9,890,58,832,5.493827160493828,-0.1649484536082474,0.9444444444444444,2630.717386892208,23.78231716218667
2025-11,Nagaland,132,35,91,6,787,84,703,5.962121212121212,-0.18518518518518523,0.9545454545454546,2630.717386892208,23.9494759598577
2025-12,Nagaland,202,61,124,17,923,83,840,4.569306930693069,0.5303030303030303,0.9158415841584159,2630.717386892208,26.207483584384583
2025-01,Odisha,4647,3551,1050,46,302414,33378,269036,65.0772541424575,0.0,0.990101140520766,1159.0339596823596,32.17452616978987
2025-02,Odisha,5234,4191,1041,2,18082,2473,15609,3.454719144058082,0.12631805465891977,0.9996178830722201,1159.0339596823596,25.61661153852671
2025-03,Odisha,2957,2371,560,26,26436,4022,22414,8.940142035847142,-0.43504012227741684,0.9912073047007102,1159.0339596823596,23.590759861664363
2025-04,Odisha,2552,2041,506,5,22052,2952,19100,8.641065830721002,-0.1369631383158607,0.9980407523510971,1159.0339596823596,25.02398240345322
2025-05,Odisha,2631,2117,512,2,14679,1989,12690,5.579247434435576,0.03095611285266453,0.9992398327632079,1159.0339596823596,25.435015088372754
2025-06,Odisha,3476,2777,677,22,23506,3319,20187,6.7623705408515535,0.3211706575446598,0.9936708860759493,1159.0339596823596,26.760946532053854
2025-07,Odisha,878,694,182,2,10353,1705,8648,11.791571753986332,-0.7474108170310703,0.9977220956719818,1159.0339596823596,22.663513920152308
2025-08,Odisha,4287,3458,822,7,25997,3490,22507,6.064147422439935,3.882687927107061,0.9983671565197108,1159.0339596823596,42.687704348065644
2025-09,Odisha,4290,3500,786,4,16171,2078,14093,3.7694638694638694,0.0006997900629810427,0.9990675990675991,1159.0339596823596,25.08159430886707
2025-10,Odisha,4076,3300,772,4,25237,3538,21699,6.191609421000981,-0.04988344988344984,0.9990186457311089,1159.0339596823596,25.14200484115522
2025-11,Odisha,3594,2876,712,6,22211,3251,18960,6.180022259321091,-0.11825318940137386,0.998330550918197,1159.0339596823596,24.82133754967814
2025-12,Odisha,3283,2570,692,21,24197,3266,20931,7.37039293329272,-0.08653311074012238,0.9936034115138592,1159.0339596823596,25.00980643724857
2025-01,Orissa,127,106,21,0,820,57,763,6.456692913385827,0.0,1.0,35.5702463337327,25.16500363094176
2025-02,Orissa,176,147,29,0,974,57,917,5.534090909090909,0.3858267716535433,1.0,35.5702463337327,26.779699296501146
2025-03,Orissa,80,71,9,0,983,71,912,12.2875,-0.5454545454545454,1.0,35.5702463337327,23.41942029160829
2025-04,Orissa,90,81,9,0,1124,57,1067,12.488888888888889,0.125,1.0,35.5702463337327,26.439442988154703
2025-05,Orissa,80,69,11,0,585,37,548,7.3125,-0.11111111111111116,1.0,35.5702463337327,24.770029382579185
2025-06,Orissa,111,92,19,0,950,69,881,8.558558558558559,0.38749999999999996,1.0,35.5702463337327,27.14608983062709
2025-07,Orissa,36,29,7,0,407,41,366,11.305555555555555,-0.6756756756756757,1.0,35.5702463337327,22.720961528236856
2025-08,Orissa,135,114,21,0,1123,66,1057,8.318518518518518,2.75,1.0,35.5702463337327,37.67513242567683
2025-09,Orissa,138,113,25,0,606,27,579,4.391304347826087,0.022222222222222143,1.0,35.5702463337327,25.019210768056432
2025-10,Orissa,121,104,17,0,977,50,927,8.074380165289256,-0.12318840579710144,1.0,35.5702463337327,24.80647065829857
2025-11,Orissa,101,82,19,0,906,73,833,8.970297029702971,-0.1652892561983471,1.0,35.5702463337327,24.72464893853122
2025-12,Orissa,111,90,21,0,995,67,928,8.963963963963964,0.0990099009900991,1.0,35.5702463337327,25.904996138775292
2025-01,Pondicherry,68,67,1,0,163,7,156,2.3970588235294117,0.0,1.0,16.334338249852856,24.67894963877674
2025-02,Pondicherry,55,51,4,0,262,28,234,4.763636363636364,-0.19117647058823528,1.0,16.334338249852856,24.10546266641429
2025-03,Pondicherry,45,44,1,0,270,24,246,6.0,-0.18181818181818177,1.0,16.334338249852856,24.29400206729888
2025-04,Pondicherry,42,40,2,0,299,26,273,7.119047619047619,-0.06666666666666665,1.0,16.334338249852856,24.941387828217128
2025-05,Pondicherry,27,26,1,0,157,10,147,5.814814814814815,-0.3571428571428571,1.0,16.334338249852856,23.48853613585208
2025-06,Pondicherry,22,20,2,0,201,16,185,9.136363636363637,-0.18518518518518523,1.0,16.334338249852856,24.65114752287702
2025-07,Pondicherry,17,15,2,0,118,12,106,6.9411764705882355,-0.2272727272727273,1.0,16.334338249852856,24.20256432407756
2025-08,Pondicherry,60,56,4,0,307,22,285,5.116666666666666,2.5294117647058822,1.0,16.334338249852856,36.305107754174124
2025-09,Pondicherry,58,57,1,0,189,18,171,3.2586206896551726,-0.033333333333333326,1.0,16.334338249852856,24.63223125158807
2025-10,Pondicherry,56,53,3,0,282,11,271,5.035714285714286,-0.03448275862068961,1.0,16.334338249852856,24.837982193362933
2025-11,Pondicherry,36,35,1,0,237,22,215,6.583333333333333,-0.3571428571428571,1.0,16.334338249852856,23.579736137919895
2025-12,Pondicherry,53,48,5,0,258,12,246,4.867924528301887,0.4722222222222223,1.0,16.334338249852856,27.082431272644698
2025-01,Puducherry,80,79,0,1,5106,622,4484,63.825,0.0,0.9875,19.36726385143005,31.719273799748603
2025-02,Puducherry,69,64,4,1,638,97,541,9.246376811594203,-0.13749999999999996,0.9855072463768116,19.36726385143005,24.5881206339282
2025-03,Puducherry,65,58,4,3,597,94,503,9.184615384615384,-0.05797101449275366,0.9538461538461539,19.36726385143005,24.302968292511697
2025-04,Puducherry,23,19,3,1,569,103,466,24.73913043478261,-0.6461538461538461,0.9565217391304348,19.36726385143005,23.57386398702342
2025-05,Puducherry,44,44,0,0,479,94,385,10.886363636363637,0.9130434782608696,1.0,19.36726385143005,29.767256161886387
2025-06,Puducherry,27,24,3,0,626,136,490,23.185185185185187,-0.38636363636363635,1.0,19.36726385143005,25.419971887639043
2025-07,Puducherry,30,25,1,4,468,72,396,15.6,0.11111111111111116,0.8666666666666667,19.36726385143005,24.076284838090565
2025-08,Puducherry,70,66,3,1,644,112,532,9.2,1.3333333333333335,0.9857142857142858,19.36726385143005,31.159610492676332
2025-09,Puducherry,59,55,4,0,422,84,338,7.1525423728813555,-0.15714285714285714,1.0,19.36726385143005,24.541720718974762
2025-10,Puducherry,66,62,2,2,576,104,472,8.727272727272727,0.11864406779661008,0.9696969696969697,19.36726385143005,25.35496840174019
2025-11,Puducherry,39,36,2,1,598,140,458,15.333333333333334,-0.40909090909090906,0.9743589743589743,19.36726385143005,23.873809518377072
2025-12,Puducherry,64,60,4,0,669,113,556,10.453125,0.641025641025641,1.0,19.36726385143005,28.500251840957848
2025-01,Punjab,22597,15625,5369,1603,287034,21250,265784,12.702305615789706,0.0,0.9290613798291809,6099.974865199086,25.842308625910015
2025-02,Punjab,2735,2360,364,11,13750,723,13027,5.027422303473492,-0.8789662344559013,0.9959780621572212,6099.974865199086,22.341944885863054
2025-03,Punjab,1133,903,190,40,16877,952,15925,14.89585172109444,-0.5857404021937842,0.9646954986760812,6099.974865199086,24.197745097312687
2025-04,Punjab,736,621,102,13,14664,886,13778,19.92391304347826,-0.35039717563989403,0.9823369565217391,6099.974865199086,26.1989543263085
2025-05,Punjab,1829,1580,227,22,12390,856,11534,6.774193548387097,1.485054347826087,0.9879715691634773,6099.974865199086,32.95342745264864
2025-06,Punjab,1236,1026,178,32,11857,770,11087,9.593042071197411,-0.32422088572990704,0.9741100323624595,6099.974865199086,24.925429074430646
2025-07,Punjab,435,341,62,32,7583,534,7049,17.432183908045978,-0.6480582524271845,0.9264367816091954,6099.974865199086,23.455071302133593
2025-08,Punjab,1865,1560,277,28,16234,907,15327,8.70455764075067,3.2873563218390807,0.9849865951742627,6099.974865199086,41.1769220495136
2025-09,Punjab,2023,1739,254,30,10512,621,9891,5.196243203163618,0.08471849865951753,0.9851705388037568,6099.974865199086,26.452337863780468
2025-10,Punjab,1973,1652,255,66,13742,700,13042,6.965027876330462,-0.02471576866040537,0.9665484034465281,6099.974865199086,25.800757322029476
2025-11,Punjab,1842,1584,212,46,14885,865,14020,8.080890336590663,-0.06639635073492145,0.9750271444082519,6099.974865199086,25.916489432432876
2025-12,Punjab,1527,1255,230,42,18887,1030,17857,12.368696791093647,-0.17100977198697065,0.9724950884086444,6099.974865199086,25.907185868569414
2025-01,Rajasthan,60656,38899,20081,1676,1144859,82589,1062270,18.87462081245054,0.0,0.9723687681350567,15228.379212987356,29.48039541129537
2025-02,Rajasthan,11353,7628,3688,37,32967,3863,29104,2.9038139698758036,-0.8128297283038776,0.9967409495287589,15228.379212987356,24.44021587048644
2025-03,Rajasthan,7058,4958,2058,42,41005,5253,35752,5.809719467271182,-0.37831410199947146,0.9940493057523377,15228.379212987356,26.672987703572122
2025-04,Rajasthan,5228,3681,1522,25,37378,3955,33423,7.149579188982402,-0.25928024936242566,0.9952180566182096,15228.379212987356,27.387301598251135
2025-05,Rajasthan,8032,6055,1954,23,28716,3305,25411,3.575199203187251,0.5363427697016068,0.9971364541832669,15228.379212987356,30.556974443851377
2025-06,Rajasthan,7407,5577,1761,69,28016,3428,24588,3.7823680302416633,-0.07781374501992033,0.9906844876468206,15228.379212987356,27.70798026920366
2025-07,Rajasthan,4103,3002,1057,44,22172,2718,19454,5.40385084084816,-0.44606453354934517,0.9892761394101877,15228.379212987356,26.226597206865076
2025-08,Rajasthan,9606,6846,2714,46,41681,4889,36792,4.339058921507391,1.3412137460394833,0.9952113262544243,15228.379212987356,34.20592239920899
2025-09,Rajasthan,10838,7705,3075,58,27019,3281,23738,2.4929876360952203,0.12825317509889644,0.9946484591252999,15228.379212987356,28.55511989553643
2025-10,Rajasthan,12142,8303,3772,67,39506,4562,34944,3.2536649645857354,0.12031740173463734,0.9944819634327129,15228.379212987356,28.606596126556532
2025-11,Rajasthan,8555,5530,2994,31,39309,4758,34551,4.594856808883693,-0.2954208532366991,0.9963763880771479,15228.379212987356,26.945794674675444
2025-12,Rajasthan,9882,6173,3184,525,49715,6049,43666,5.030864197530864,0.1551139684395091,0.9468731026108075,15228.379212987356,28.020817656042524
2025-01,Sikkim,670,250,370,50,4570,333,4237,6.82089552238806,0.0,0.9253731343283582,179.88927570911923,23.74793000323223
2025-02,Sikkim,79,43,34,2,601,34,567,7.6075949367088604,-0.8820895522388059,0.9746835443037974,179.88927570911923,20.885618374802462
2025-03,Sikkim,57,18,35,4,699,57,642,12.263157894736842,-0.2784810126582279,0.9298245614035088,179.88927570911923,23.23831663060268
2025-04,Sikkim,51,27,20,4,560,47,513,10.980392156862745,-0.10526315789473684,0.9215686274509803,179.88927570911923,23.695047370743247
2025-05,Sikkim,66,33,30,3,715,45,670,10.833333333333334,0.2941176470588236,0.9545454545454546,179.88927570911923,26.121883391945428
2025-06,Sikkim,30,15,15,0,309,13,296,10.3,-0.5454545454545454,1.0,179.88927570911923,23.215807705731343
2025-07,Sikkim,20,12,8,0,212,21,191,10.6,-0.33333333333333337,1.0,179.88927570911923,24.19933487630432
2025-08,Sikkim,66,33,32,1,590,41,549,8.93939393939394,2.3,0.9848484848484849,179.88927570911923,35.46706740389688
2025-09,Sikkim,51,24,26,1,399,38,361,7.823529411764706,-0.2272727272727273,0.9803921568627451,179.88927570911923,23.951657678852527
2025-10,Sikkim,38,21,16,1,576,49,527,15.157894736842104,-0.2549019607843137,0.9736842105263158,179.88927570911923,24.564397641565215
2025-11,Sikkim,39,16,22,1,554,35,519,14.205128205128204,0.026315789473684292,0.9743589743589743,179.88927570911923,25.721532694157688
2025-12,Sikkim,47,24,22,1,651,40,611,13.851063829787234,0.20512820512820507,0.9787234042553191,179.88927570911923,26.565880538147834
2025-01,Tamil Nadu,9842,7640,1858,344,491774,44870,446904,49.966876651087176,0.0,0.9650477545214388,2205.0958939500006,30.11402323420092
2025-02,Tamil Nadu,9681,7868,1802,11,50917,9203,41714,5.259477326722446,-0.016358463726884764,0.9988637537444479,2205.0958939500006,25.411818786548817
2025-03,Tamil Nadu,7931,6398,1522,11,50302,9036,41266,6.342453662842012,-0.18076644974692702,0.9986130374479889,2205.0958939500006,24.80061555378917
2025-04,Tamil Nadu,2763,2313,448,2,56732,10895,45837,20.53275425262396,-0.6516202244357584,0.9992761491132827,2205.0958939500006,24.393690106316786
2025-05,Tamil Nadu,4105,3236,865,4,36514,6676,29838,8.895006090133982,0.4857039449873326,0.9990255785627283,2205.0958939500006,28.090097020084713
2025-06,Tamil Nadu,5150,4030,1110,10,35063,7466,27597,6.8083495145631066,0.2545676004872106,0.9980582524271845,2205.0958939500006,26.790226273487967
2025-07,Tamil Nadu,3571,2727,832,12,32541,6535,26006,9.11257350882106,-0.3066019417475728,0.9966395967516102,2205.0958939500006,24.52754352189739
2025-08,Tamil Nadu,6373,5289,1076,8,55101,8921,46180,8.64600659030284,0.7846541584990199,0.9987447042209321,2205.0958939500006,29.39087800257058
2025-09,Tamil Nadu,6073,5169,899,5,29025,4861,24164,4.779351226741314,-0.04707359171504788,0.9991766836818706,2205.0958939500006,25.22384126808864
2025-10,Tamil Nadu,6959,5812,1143,4,48442,8017,40425,6.961057623221727,0.14589165157253414,0.9994252047708004,2205.0958939500006,26.350036639678958
2025-11,Tamil Nadu,5720,4707,1003,10,45338,6947,38391,7.926223776223776,-0.17804282224457535,0.9982517482517482,2205.0958939500006,24.9935069155497
2025-12,Tamil Nadu,5987,4920,1061,6,55378,8066,47312,9.249707700016703,0.046678321678321755,0.9989978286286955,2205.0958939500006,26.16971892220744
2025-01,Telangana,15070,10871,3754,445,414985,65046,349939,27.5371599203716,0.0,0.9704711347047114,3562.661271203499,27.864066698577695
2025-02,Telangana,5974,4796,1165,13,33899,4757,29142,5.674422497489119,-0.6035832780358328,0.9978239035821895,3562.661271203499,23.119383684096082
2025-03,Telangana,3639,2937,666,36,31266,4285,26981,8.591920857378401,-0.3908603950451959,0.9901071723000825,3562.661271203499,24.261883194831835
2025-04,Telangana,2388,1857,525,6,33148,4842,28306,13.88107202680067,-0.34377576257213516,0.9974874371859297,3562.661271203499,25.247563007602093
2025-05,Telangana,1779,1360,407,12,26211,4277,21934,14.733558178752109,-0.2550251256281407,0.9932546374367622,3562.661271203499,25.660679843878935
2025-06,Telangana,2790,2244,506,40,27175,4208,22967,9.740143369175627,0.5682967959527825,0.985663082437276,3562.661271203499,28.595537659062042
2025-07,Telangana,1649,1339,287,23,22980,3734,19246,13.935718617343845,-0.40896057347670256,0.9860521528198909,3562.661271203499,24.7340446696065
2025-08,Telangana,4014,3316,693,5,42671,5957,36714,10.630543099152964,1.4342025469981805,0.9987543597409069,3562.661271203499,32.83258210159919
2025-09,Telangana,4381,3664,705,12,28576,3648,24928,6.52271170965533,0.09142999501743887,0.9972608993380506,3562.661271203499,26.314661799304307
2025-10,Telangana,4487,3687,784,16,24627,3103,21524,5.4885223980387785,0.024195389180552418,0.9964341430800089,3562.661271203499,25.87494188193017
2025-11,Telangana,3322,2700,605,17,22414,3049,19365,6.747140276941601,-0.2596389569868509,0.9948826008428657,3562.661271203499,24.724873573951932
2025-12,Telangana,3819,3060,737,22,38465,4882,33583,10.072008379156847,0.1496086694762191,0.9942393296674522,3562.661271203499,26.935413591410473
2025-01,Tripura,1415,770,539,106,31218,2233,28985,22.062190812720846,0.0,0.9250883392226148,336.27328127130426,25.585856183890577
2025-02,Tripura,511,328,180,3,3171,319,2852,6.205479452054795,-0.63886925795053,0.9941291585127201,336.27328127130426,22.229982773427537
2025-03,Tripura,310,196,112,2,3024,316,2708,9.754838709677419,-0.39334637964774954,0.9935483870967742,336.27328127130426,23.736760793883384
2025-04,Tripura,195,124,71,0,3405,323,3082,17.46153846153846,-0.3709677419354839,1.0,336.27328127130426,24.880351747379414
2025-05,Tripura,301,202,99,0,2328,230,2098,7.73421926910299,0.5435897435897437,1.0,336.27328127130426,27.812981816356135
2025-06,Tripura,231,150,78,3,2483,256,2227,10.74891774891775,-0.2325581395348837,0.987012987012987,336.27328127130426,24.44254971346779
2025-07,Tripura,129,84,42,3,1155,127,1028,8.953488372093023,-0.4415584415584416,0.9767441860465116,336.27328127130426,23.09013080291451
2025-08,Tripura,302,195,106,1,4324,402,3922,14.317880794701987,1.3410852713178296,0.9966887417218543,336.27328127130426,32.09188299202136
2025-09,Tripura,306,209,94,3,2432,231,2201,7.947712418300654,0.013245033112582849,0.9901960784313726,336.27328127130426,25.272236816922806
2025-10,Tripura,306,219,80,7,3069,294,2775,10.029411764705882,0.0,0.9771241830065359,336.27328127130426,25.198644587297427
2025-11,Tripura,310,182,124,4,2398,228,2170,7.735483870967742,0.013071895424836555,0.9870967741935484,336.27328127130426,25.184291878624748
2025-12,Tripura,321,196,95,30,4134,380,3754,12.878504672897197,0.03548387096774186,0.9065420560747663,336.27328127130426,24.28367371260115
2025-01,Uttar Pradesh,329909,160688,160206,9015,2321191,183963,2137228,7.035852310788733,0.0,0.9726742829083171,89517.36888227926,44.67927095044224
2025-02,Uttar Pradesh,30437,15452,14816,169,157658,17186,140472,5.179814042119788,-0.9077412256106987,0.9944475473929757,89517.36888227926,40.83797097369302
2025-03,Uttar Pradesh,18994,8932,9813,249,145144,16213,128931,7.641571022428135,-0.37595689456910997,0.9868905970306413,89517.36888227926,43.35540352139253
2025-04,Uttar Pradesh,13149,6145,6878,126,173203,19299,153904,13.172332496767815,-0.3077287564494051,0.9904175222450377,89517.36888227926,44.38717439885586
2025-05,Uttar Pradesh,17694,10121,7428,145,124823,13530,111293,7.05453826155759,0.3456536618754278,0.9918051316830564,89517.36888227926,46.60876073131367
2025-06,Uttar Pradesh,19078,10354,8420,304,163125,20023,143102,8.550424572806374,0.07821860517689605,0.9840654156620191,89517.36888227926,45.43637062687779
2025-07,Uttar Pradesh,10981,6095,4719,167,101500,11040,90460,9.243238320735816,-0.4244155571862879,0.9847919133047992,89517.36888227926,43.28694768871196
2025-08,Uttar Pradesh,22684,11561,10910,213,245687,26708,218979,10.83084993828249,1.0657499317002093,0.9906101216716628,89517.36888227926,50.25095758197361
2025-09,Uttar Pradesh,25152,12645,12213,294,130058,17676,112382,5.170881043256998,0.10879915358843228,0.9883110687022901,89517.36888227926,45.256891856055645
2025-10,Uttar Pradesh,26490,13301,12918,271,167093,18867,148226,6.3077765194412985,0.05319656488549618,0.9897697244243111,89517.36888227926,45.17250365398379
2025-11,Uttar Pradesh,18616,8834,9566,216,149461,16565,132896,8.028631284916202,-0.2972442431106078,0.9883970777825526,89517.36888227926,43.78321623315771
2025-12,Uttar Pradesh,20878,9824,10767,287,221405,23575,197830,10.60470351566242,0.12150837988826813,0.9862534725548424,89517.36888227926,45.91736593242064
2025-01,Uttarakhand,4985,3855,965,165,158400,17149,141251,31.7753259779338,0.0,0.966900702106319,1217.0260666763456,27.77153812451296
2025-02,Uttarakhand,890,760,130,0,7338,841,6497,8.24494382022472,-0.8214643931795387,1.0,1217.0260666763456,21.97022045453841
2025-03,Uttarakhand,814,694,116,4,6122,743,5379,7.520884520884521,-0.08539325842696632,0.995085995085995,1217.0260666763456,25.075367309568144
2025-04,Uttarakhand,476,401,74,1,7265,707,6558,15.262605042016807,-0.4152334152334153,0.9978991596638656,1217.0260666763456,24.576351629582955
2025-05,Uttarakhand,726,623,103,0,5602,645,4957,7.7162534435261705,0.5252100840336134,1.0,1217.0260666763456,27.925492960778204
2025-06,Uttarakhand,824,696,124,4,6621,841,5780,8.035194174757281,0.13498622589531672,0.9951456310679612,1217.0260666763456,26.122423826440706
2025-07,Uttarakhand,423,368,54,1,4578,549,4029,10.822695035460994,-0.48665048543689315,0.9976359338061466,1217.0260666763456,23.72505527078437
2025-08,Uttarakhand,1134,986,145,3,9352,987,8365,8.246913580246913,1.6808510638297873,0.9973544973544973,1217.0260666763456,33.09987888225707
2025-09,Uttarakhand,1122,965,153,4,6202,753,5449,5.527629233511586,-0.010582010582010581,0.9964349376114082,1217.0260666763456,25.200122918034783
2025-10,Uttarakhand,1254,1068,183,3,7900,828,7072,6.299840510366826,0.11764705882352944,0.9976076555023924,1217.0260666763456,25.888244917578753
2025-11,Uttarakhand,939,819,116,4,7721,872,6849,8.222577209797658,-0.25119617224880386,0.9957401490947817,1217.0260666763456,24.43078095106613
2025-12,Uttarakhand,818,670,145,3,9449,1034,8415,11.551344743276283,-0.12886048988285415,0.9963325183374083,1217.0260666763456,25.38434586911339
2025-01,WEST BENGAL,1,0,1,0,5,1,4,5.0,0.0,1.0,0.0,24.98419093836023
2025-10,WEST BENGAL,1,1,0,0,5,0,5,5.0,0.0,1.0,0.0,24.98419093836023
2025-01,West  Bengal,1,0,1,0,4,0,4,4.0,0.0,1.0,0.3333333333333333,24.865595529594476
2025-04,West  Bengal,1,1,0,0,3,0,3,3.0,0.0,1.0,0.3333333333333333,24.746925647385748
2025-05,West  Bengal,1,0,1,0,2,0,2,2.0,0.0,1.0,0.3333333333333333,24.62825576517702
2025-07,West  Bengal,1,1,0,0,1,0,1,1.0,0.0,1.0,0.3333333333333333,24.509585882968295
2025-08,West  Bengal,2,1,1,0,1,0,1,0.5,1.0,1.0,0.3333333333333333,28.919045912584213
2025-09,West  Bengal,1,1,0,0,1,0,1,1.0,-0.5,1.0,0.3333333333333333,22.275188397608154
2025-10,West  Bengal,1,0,1,0,1,0,1,1.0,0.0,1.0,0.3333333333333333,24.509585882968295
2025-11,West  Bengal,1,1,0,0,2,0,2,2.0,0.0,1.0,0.3333333333333333,24.62825576517702
2025-12,West  Bengal,1,1,0,0,4,0,4,4.0,0.0,1.0,0.3333333333333333,24.865595529594476
2025-03,West Bangal,1,1,0,0,10,1,9,10.0,0.0,1.0,0.7071067811865476,25.577698331433496
2025-11,West Bangal,2,1,1,0,2,0,2,1.0,1.0,1.0,0.7071067811865476,28.978464362275236
2025-01,West Bengal,56330,31596,21337,3397,782617,55580,727037,13.89343156399787,0.0,0.9396946564885497,13644.193213487182,27.881856679908434
2025-02,West Bengal,14625,11455,3098,72,95022,5799,89223,6.497230769230769,-0.7403692526184982,0.9950769230769231,13644.193213487182,24.803237341991323
2025-03,West Bengal,8973,6656,2245,72,75579,4687,70892,8.422935473085925,-0.3864615384615384,0.9919759277833501,13644.193213487182,26.551281599618882
2025-04,West Bengal,5930,4455,1391,84,96543,5564,90979,16.28043844856661,-0.3391284966009138,0.9858347386172007,13644.193213487182,27.572428428266555
2025-05,West Bengal,10787,8556,2181,50,66023,4332,61691,6.120608139427088,0.8190556492411467,0.995364790952072,13644.193213487182,31.733051095024706
2025-06,West Bengal,9922,7837,2002,83,103985,6375,97610,10.48024591816166,-0.0801891165291555,0.9916347510582544,13644.193213487182,28.157267512102642
2025-07,West Bengal,5976,4724,1211,41,52289,3193,49096,8.74983266398929,-0.39770207619431563,0.9931392235609103,13644.193213487182,26.563108707820525
2025-08,West Bengal,10209,7692,2441,76,115993,6483,109510,11.361837594279557,0.7083333333333333,0.9925555882064845,13644.193213487182,31.804047793673874
2025-09,West Bengal,11073,8636,2315,122,65802,3749,62053,5.942562991059334,0.08463120775786082,0.9889822089767903,13644.193213487182,28.30227860825988
2025-10,West Bengal,12735,10011,2672,52,96702,5207,91495,7.5934040047114255,0.15009482525060958,0.9959167648213585,13644.193213487182,28.92941831840342
2025-11,West Bengal,9306,7019,2200,87,89445,5241,84204,9.611540941328176,-0.2692579505300353,0.9906511927788524,13644.193213487182,27.189597374736557
2025-12,West Bengal,8683,6419,2182,82,108617,6359,102258,12.509155821720604,-0.0669460563077584,0.990556259357365,13644.193213487182,28.435648698266636
2025-08,West bengal,2,1,1,0,1,0,1,0.5,0.0,1.0,,
2025-12,Westbengal,1,0,1,0,5,0,5,5.0,0.0,1.0,,
2025-09,andhra pradesh,1,1,0,0,1,0,1,1.0,0.0,1.0,,
